Metric,Value
MSE,272685.8950372444
RMSE,522.1933502422685
MAE,380.45181520850366
R²,0.9755858512263799
Training Time (s),5.054593801498413
