Metric,Value
MSE,273937.28942118486
RMSE,523.39018850298
MAE,376.6591036559377
R²,0.9754738112227712
Training Time (s),174.41082119941711
